SNO,NAME,EXCHANGE
AAL,AMERICAN AIRLINES GROUP INC,XNGS
AAON,AAON INC,XNGS
AAPL,APPLE INC,XNGS
AARD,AARDVARK THERAPEUTICS INC,XNGS
ABCL,ABCELLERA BIOLOGICS INC,XNGS
ABNB,AIRBNB INC,XNGS
ABOS,ACUMEN PHARMACEUTICALS INC,XNGS
ABSI,ABSCI CORP,XNGS
ABUS,ARBUTUS BIOPHARMA CORP,XNGS
ACAD,ACADIA PHARMACEUTICALS INC,XNGS
ACDC,PROFRAC HOLDING CORP,XNGS
ACGL,ARCH CAPITAL GROUP,XNGS
ACGLN,ARCH CAPITAL GROUP DEP SHS EACH REP 1/1000TH NCUM PFD SER G,XNGS
ACGLO,ARCH CAPITAL GROUP 5.45% NON CUM DEP REP 1/1000 PFD SER F,XNGS
ACHC,ACADIA HEALTHCARE,XNGS
ACIW,ACI WORLDWIDE INC,XNGS
ACLS,AXCELIS TECHNOLOGIES INC,XNGS
ACLX,ARCELLX INC,XNGS
ACRS,ACLARIS THERAPEUTICS INC,XNGS
ACT,ENACT HLDGS INC,XNGS
ACTG,ACACIA RESEARCH CORP,XNGS
ADAM,ADAMAS TRUST INC.,XNGS
ADAMG,ADAMAS TRUST INC. 9.125% NTS 01/04/2030 USD25,XNGS
ADAMI,ADAMAS TRUST INC. 9.125% NTS 07/01/29 USD25,XNGS
ADAML,ADAMAS TRUST INC. SER F FIX FLTNG PFD SHS,XNGS
ADAMM,ADAMAS TRUST INC. 7.875% CUM RED PFD SERIES E USD25,XNGS
ADAMN,ADAMAS TRUST INC. 8% SERIS D FXD TO FLOTIG RTE CUM RED PRE,XNGS
ADAMZ,ADAMAS TRUST INC. SERIES G CUMULATIVE REDEEMABLE PFD USD25,XNGS
ADBE,ADOBE INC,XNGS
ADEA,ADEIA INC,XNGS
ADI,ANALOG DEVICES INC,XNGS
ADP,AUTOMATIC DATA PROCESSING INC,XNGS
ADPT,ADAPTIVE BIOTECHNOLOGIES CORP,XNGS
ADSK,AUTODESK INC,XNGS
ADTN,ADTRAN HOLDINGS INC,XNGS
ADUS,ADDUS HOMECARE CORP,XNGS
ADV,ADVANTAGE SOLUTIONS INC,XNGS
AEBI,AEBI SCHMIDT HOLDING AG,XNGS
AEIS,ADVANCED ENERGY INDUSTRIES,XNGS
AEP,AMERICAN ELECTRIC POWER CO INC,XNGS
AEVA,AEVA TECHNOLOGIES INC,XNGS
AFRM,AFFIRM HLDGS INC,XNGS
AFYA,AFYA LIMITED,XNGS
AGIO,AGIOS PHARMACEUTICALS INC,XNGS
AGNC,AGNC INVESTMENT CORP,XNGS
AGNCL,AGNC INVESTMENT CORP DEP SHS REPSTG 1/1000TH PFD SER G,XNGS
AGNCM,AGNC INVESTMENT CORP 6.875% DEP SHS REP 1/1000TH PFD SR D,XNGS
AGNCN,AGNC INVESTMENT CORP 7% CUM RED REP 1/1000 INT PFD SHS SER C,XNGS
AGNCO,AGNC INVESTMENT CORP 6.50% DEP SHS REP 1/1000 CUM PFD SER E,XNGS
AGNCP,AGNC INVESTMENT CORP 6.125% CUM RED PREF STK SERIES F,XNGS
AGNCZ,AGNC INVESTMENT CORP DEP SHS REPSTG 1/1000TH PFD SER H,XNGS
AGYS,AGILYSYS INC,XNGS
AIFU,AIFU INC,XNGS
AKAM,AKAMAI TECHNOLOGIES,XNGS
AKRO,AKERO THERAPEUTICS INC,XNGS
ALAB,ASTERA LABS INC,XNGS
ALCO,ALICO INC,XNGS
ALEC,ALECTOR INC,XNGS
ALGM,ALLEGRO MICROSYSTEMS INC,XNGS
ALGN,ALIGN TECHNOLOGY INC,XNGS
ALGT,ALLEGIANT TRAVEL COMPANY,XNGS
ALHC,ALIGNMENT HEALTHCARE INC,XNGS
ALKS,ALKERMES PLC,XNGS
ALKT,ALKAMI TECHNOLOGY INC,XNGS
ALLO,ALLOGENE THERAPEUTICS INC,XNGS
ALLT,ALLOT LTD,XNGS
ALMS,ALUMIS INC,XNGS
ALNY,ALNYLAM PHARMACEUTICALS INC,XNGS
ALRM,ALARM.COM HOLDINGS INC,XNGS
ALXO,ALX ONCOLOGY HLDGS INC,XNGS
AMAT,APPLIED MATERIALS INC,XNGS
AMBA,AMBARELLA INC,XNGS
AMCX,AMC NETWORKS INC,XNGS
AMD,ADVANCED MICRO DEVICES INC,XNGS
AMGN,AMGEN INC,XNGS
AMKR,AMKOR TECHNOLOGY INC,XNGS
AMLX,AMYLYX PHARMACEUTICALS INC,XNGS
AMPH,AMPHASTAR PHARMACEUTICALS INC,XNGS
AMRK,A MARK PRECIOUS METALS INC,XNGS
AMRX,AMNEAL PHARMACEUTICALS INC,XNGS
AMSC,AMERICAN SUPERCONDUCTOR CORP,XNGS
AMSF,AMERISAFE INC,XNGS
AMWD,AMERICAN WOODMARK CORP,XNGS
AMZN,AMAZON COM INC,XNGS
ANAB,ANAPTYSBIO INC,XNGS
ANDE,ANDERSONS INC,XNGS
ANGI,ANGI INC,XNGS
ANGO,ANGIODYNAMICS INC,XNGS
ANIK,ANIKA THERAPEUTICS INC,XNGS
ANNX,ANNEXON INC,XNGS
ANTX,AN2 THERAPEUTICS INC,XNGS
AOSL,ALPHA & OMEGA SEMICONDUCTOR LTD,XNGS
AOUT,AMERICAN OUTDOOR BRANDS INC,XNGS
APA,APA CORPORATION,XNGS
APEI,AMERICAN PUBLIC EDUCATION INC,XNGS
API,AGORA INC SPON ADS EACH REP 4 ORD SHS CL A,XNGS
APLD,APPLIED DIGITAL CORP,XNGS
APLS,APELLIS PHARMACEUTICALS INC,XNGS
APOG,APOGEE ENTERPRISES INC,XNGS
APP,APPLOVIN CORP,XNGS
APYX,APYX MEDICAL CORPORATION,XNGS
ARAY,ACCURAY INCORPORATED,XNGS
ARBK,ARGO BLOCKCHAIN PLC SPON ADS EACH REP 10 ORD SHS,XNGS
ARCB,ARCBEST CORP,XNGS
ARCC,ARES CAPITAL CORP,XNGS
ARGX,ARGENX SE SPON ADR EACH REP 1 ORD SHS,XNGS
ARHS,ARHAUS INC,XNGS
ARLP,ALLIANCE RESOURCE PARTNERS LP,XNGS
ARM,ARM HOLDINGS PLC SPON ADS EACH REP 1 ORD SHS,XNGS
AROW,ARROW FINANCIAL CORP,XNGS
ARQT,ARCUTIS BIOTHERAPEUTICS INC,XNGS
ARTNA,ARTESIAN RESOURCES CORP,XNGS
ARVN,ARVINAS INC,XNGS
ARWR,ARROWHEAD PHARMACEUTICALS INC,XNGS
ASMB,ASSEMBLY BIOSCIENCES INC,XNGS
ASML,ASML HOLDING NV EUR0.09 NY REGISTRY SHS 2012,XNGS
ASND,ASCENDIS PHARMA A/S SPON ADR EACH REP 1 ORD SHS,XNGS
ASO,ACADEMY SPORTS & OUTDOORS INC,XNGS
ASPS,ALTISOURCE PORTFOLIO SOLUTIONS S A,XNGS
ASTE,ASTEC INDUSTRIES INC,XNGS
ASTS,AST SPACEMOBILE INC,XNGS
ASYS,AMTECH SYSTEMS INC,XNGS
ATAT,ATOUR LIFESTYLE HLDGS LTD SPON ADS EACH REP 3 CL A ORD SHS,XNGS
ATEC,ALPHATEC HLDGS INC,XNGS
ATLC,ATLANTICUS HLDGS CORP,XNGS
ATLCP,ATLANTICUS HLDGS CORP 7.625% PERP PFD SER B,XNGS
ATNI,ATN INTERNATIONAL INC,XNGS
ATRA,ATARA BIOTHERAPEUTICS INC,XNGS
ATRO,ASTRONICS CORP,XNGS
AUDC,AUDIOCODES,XNGS
AUGO,AURA MINERALS INC (VG),XNGS
AUR,AURORA INNOVATION INC,XNGS
AUTL,AUTOLUS THERAPEUTICS PLC SPON ADS EA REP 1 ORD SHS,XNGS
AVAH,AVEANNA HEALTHCARE HOLDINGS INC,XNGS
AVAV,AEROVIRONMENT INC,XNGS
AVBH,AVIDBANK HOLDINGS INC,XNGS
AVGO,BROADCOM INC,XNGS
AVIR,ATEA PHARMACEUTICALS INC,XNGS
AVNW,AVIAT NETWORKS INC,XNGS
AVO,MISSION PRODUCE INC,XNGS
AVPT,AVEPOINT INC,XNGS
AVT,AVNET INC,XNGS
AVXL,ANAVEX LIFE SCIENCES CORPORATION,XNGS
AXON,AXON ENTERPRISE INC,XNGS
AXTI,AXT INC,XNGS
AZN,ASTRAZENECA PLC SPON ADR EACH REP 0.50 ORD SHS,XNGS
AZTA,AZENTA  INC.,XNGS
BAND,BANDWIDTH INC,XNGS
BANF,BANCFIRST CORP,XNGS
BANFP,BFC CAPITAL TRUST 11 PRF 31/03/2034 USD25,XNGS
BANR,BANNER CORP,XNGS
BANX,ARROWMARK FINANCIAL CORP,XNGS
BATRA,ATLANTA BRAVES HOLDINGS INC,XNGS
BATRK,ATLANTA BRAVES HOLDINGS INC,XNGS
BBIO,BRIDGEBIO PHARMA INC,XNGS
BBSI,BARRETT BUSINESS SERVICES,XNGS
BCIC,BCP INVESTMENT CORPORATION,XNGS
BCML,BAYCOM CORP,XNGS
BCPC,BALCHEM CORP,XNGS
BCRX,BIOCRYST PHARMACEUTICALS INC,XNGS
BCYC,BICYCLE THERAPEUTICS PLC SPON ADS EACH REP 1 ORD SHS,XNGS
BDTX,BLACK DIAMOND THERAPEUTICS INC,XNGS
BEAM,BEAM THERAPEUTICS INC,XNGS
BELFA,BEL FUSE INC,XNGS
BELFB,BEL FUSE INC,XNGS
BFIN,BANKFINANCIAL CORPORATION,XNGS
BFST,BUSINESS FIRST BANCSHARES INC,XNGS
BGC,BGC GROUP INC,XNGS
BHF,BRIGHTHOUSE FINL INC,XNGS
BHFAL,BRIGHTHOUSE FINL INC 6.25% JR SUBORDINATED DEBENTURS DUE 2058,XNGS
BHFAM,BRIGHTHOUSE FINL INC 4.625% DEP SHS REP1/1000TH INT PFD SER D,XNGS
BHFAN,BRIGHTHOUSE FINL INC DEP SHS REP 1/1000TH NON CUM PFD SER C,XNGS
BHFAO,BRIGHTHOUSE FINL INC 6.75% DEP SHS REP 1/1000 NON CU PRF SR B,XNGS
BHFAP,BRIGHTHOUSE FINL INC 6.6% DEP SHS REP1/1000TH NON CUM PF SR A,XNGS
BIDU,BAIDU INC SPON ADS EACH REP 8 ORD SHS,XNGS
BIIB,BIOGEN INC,XNGS
BILI,BILIBILI INC SPON ADS REP 1 ORD CL 'Z',XNGS
BIOA,BIOAGE LABS INC,XNGS
BIOX,BIOCERES CROP SOLUTIONS CORP,XNGS
BIRD,ALLBIRDS INC,XNGS
BJRI,BJS RESTAURANTS INC,XNGS
BKNG,BOOKING HOLDINGS INC,XNGS
BKR,BAKER HUGHES COMPANY,XNGS
BL,BLACKLINE INC,XNGS
BLFY,BLUE FDRY BANCORP,XNGS
BLKB,BLACKBAUD INC,XNGS
BLLN,BILLIONTOONE INC,XNGS
BLMN,BLOOMIN BRANDS INC,XNGS
BMBL,BUMBLE INC,XNGS
BMEA,BIOMEA FUSION INC,XNGS
BMRN,BIOMARIN PHARMACEUTICAL,XNGS
BNTX,BIONTECH SE SPON ADS EACH REP 1 ORD SHS,XNGS
BOKF,BOK FINANCIAL CORP,XNGS
BOLD,BOUNDLESS BIO INC,XNGS
BOOM,DMC GLOBAL INC,XNGS
BPOP,POPULAR INC,XNGS
BPOPM,POPULAR CAPITAL TRUST II 6.125% PRF 01/12/2034 USD25,XNGS
BPRN,PRINCETON BANCORP INC,XNGS
BPYPM,BROOKFIELD PPTY PFD LP 6.25% CL A CUM RED PRF UNIT SER 1,XNGS
BPYPN,BROOKFIELD PROPERTY PARTNERS LP(BM) 5.750% CUM RED PERP PFD SER 3 CL A,XNGS
BPYPO,BROOKFIELD PROPERTY PARTNERS LP(BM) 6.375% CUM RED PERP PRF UNITS SER 2 CL A,XNGS
BPYPP,BROOKFIELD PROPERTY PARTNERS LP(BM) 6.50% CUM RED PER PREF UNITS CL A SER 1,XNGS
BRAG,BRAGG GAMING GROUP INC,XNGS
BRKR,BRUKER CORPORATION,XNGS
BRKRP,BRUKER CORPORATION 6.375% CONV PREF SER A,XNGS
BRY,BERRY CORPORATION,XNGS
BRZE,BRAZE INC,XNGS
BSET,BASSETT FURNITURE INDUSTRIES INC,XNGS
BSRR,SIERRA BANCORP,XNGS
BSVN,BANK7 CORP,XNGS
BSY,BENTLEY SYSTEMS INC,XNGS
BTSG,BRIGHTSPRING HEALTH SERVICES INC,XNGS
BTSGU,BRIGHTSPRING HEALTH SERVICES INC TANGIBLE EQUITY UNIT,XNGS
BUSE,FIRST BUSEY CORP,XNGS
BUSEP,FIRST BUSEY CORP DEP SHS REPSTG 1/40TH INT NON CUM PE,XNGS
BVS,BIOVENTUS INC,XNGS
BWIN,THE BALDWIN INSURANCE GRP INC,XNGS
BYND,BEYOND MEAT INC,XNGS
BZ,KANZHUN LTD SPON EACH ADR REP 2 ORD SHS,XNGS
BZUN,BAOZUN INC SPON ADS EACH REP 3 ORD SHS CL A,XNGS
CABA,CABALETTA BIO INC,XNGS
CAC,CAMDEN NATIONAL CORPORATION,XNGS
CACC,CREDIT ACCEPTANCE CORPORATION,XNGS
CAI,CARIS LIFE SCIENCES INC.,XNGS
CAKE,CHEESECAKE FACTORY,XNGS
CALM,CAL MAINE FOODS INC,XNGS
CAR,AVIS BUDGET GROUP INC,XNGS
CARE,CARTER BANKSHARES INC,XNGS
CARG,CARGURUS INC,XNGS
CARL,CARLSMED INC,XNGS
CART,MAPLEBEAR INC,XNGS
CASH,PATHWARD FINANCIAL INC,XNGS
CASS,CASS INFORMATION SYSTEMS,XNGS
CASY,CASEY'S GENERAL STORES INC,XNGS
CATY,CATHAY GENERAL BANCORP,XNGS
CBLL,CERIBELL INC,XNGS
CBNK,CAPITAL BANCORP INC,XNGS
CBRL,CRACKER BARREL OLD COUNTRY STORE,XNGS
CBSH,COMMERCE BANCSHARES INC,XNGS
CCB,COASTAL FINANCIAL CORPORATION,XNGS
CCBG,CAPITAL CITY BANK GROUP INC,XNGS
CCC,CCC INTELLIGENT SOLUTIONS HLDGS INC,XNGS
CCCC,C4 THERAPEUTICS INC,XNGS
CCD,CALAMOS DYNAMIC CONV & INCOME FD,XNGS
CCEC,CAPITAL CLEAN ENERGY CARRIERS CORP,XNGS
CCEP,COCA-COLA EUROPACIFIC PARTNERS,XNGS
CCNE,CNB FINANCIAL CORP(PA),XNGS
CCNEP,CNB FINANCIAL CORP(PA) DEP SHS REPSTG 1/40TH PERP PFD SER A,XNGS
CCOI,COGENT COMMUNICATIONS HOLDINGS INC,XNGS
CCRN,CROSS COUNTRY HEALTHCARE INC,XNGS
CCSI,CONSENSUS CLOUD SOLUTIONS INC,XNGS
CDNS,CADENCE DESIGN SYSTEMS INC,XNGS
CDW,CDW CORP,XNGS
CDXS,CODEXIS INC,XNGS
CECO,CECO ENVIRONMENTAL CORP,XNGS
CEG,CONSTELLATION ENERGY CORPORATION,XNGS
CENT,CENTRAL GARDEN & PET CO,XNGS
CENTA,CENTRAL GARDEN & PET CO,XNGS
CENX,CENTURY ALUMINUM,XNGS
CERT,CERTARA INC,XNGS
CEVA,CEVA INC,XNGS
CFFI,C & F FINANCIAL CORP,XNGS
CFFN,CAPITOL FEDERAL FINANCIAL INC NEW,XNGS
CFLT,CONFLUENT INC,XNGS
CG,CARLYLE GROUP INC,XNGS
CGABL,CARLYLE FIN LLC 4.625% SRN 15/05/2061 USD25,XNGS
CGBD,CARLYLE SECD LENDI,XNGS
CGC,CANOPY GROWTH CORPORATION,XNGS
CGEM,CULLINAN THERAPEUTICS INC,XNGS
CGNT,COGNYTE SOFTWARE LTD,XNGS
CGNX,COGNEX CORP,XNGS
CGO,CALAMOS GLOBAL TOTAL RETURN FUND,XNGS
CGON,CG ONCOLOGY INC,XNGS
CHA,CHAGEE HOLDINGS LTD. SPON ADS EACH REP 1 CL A,XNGS
CHCO,CITY HLDG CO,XNGS
CHDN,CHURCHILL DOWNS INC,XNGS
CHEF,CHEFS WAREHOUSE INC,XNGS
CHI,CALAMOS CNV OPPORTUNITIES & INC FD,XNGS
CHKP,CHECK POINT SOFTWARE TECHNOLOGIES,XNGS
CHMG,CHEMUNG FINANCIAL CORP,XNGS
CHRD,CHORD ENERGY CORPORATION,XNGS
CHRW,CH ROBINSON WORLDWIDE INC,XNGS
CHSCL,CHS INC PFD CL B SER 4,XNGS
CHSCM,CHS INC PRF CLASS B SER 3,XNGS
CHSCN,CHS INC 7.1% CL B CUM RED PFD SER B,XNGS
CHSCO,CHS INC CUM RED PRF 'B' USD25,XNGS
CHSCP,CHS INC 8% PRF USD25,XNGS
CHTR,CHARTER COMMUNICATIONS INC,XNGS
CHW,CALAMOS GLOBAL DYNAMIC INCOME FUND,XNGS
CHY,CALAMOS CONV & HIGH INCOME FUND,XNGS
CHYM,CHIME FINL INC,XNGS
CIFR,CIPHER MNG INC,XNGS
CIGI,COLLIERS INTL GROUP INC,XNGS
CINF,CINCINNATI FINANCIAL CORP,XNGS
CLAR,CLARUS CORPORATION,XNGS
CLBK,COLUMBIA FINANCIAL INC,XNGS
CLBT,CELLEBRITE DI LTD,XNGS
CLMT,CALUMET INC,XNGS
CLNE,CLEAN ENERGY FUELS CORPORATION,XNGS
CLOV,CLOVER HEALTH INVESTMENTS CORP,XNGS
CMCO,COLUMBUS MCKINNON CORPORATION,XNGS
CMCSA,COMCAST CORP,XNGS
CME,CME GROUP INC,XNGS
CMPR,CIMPRESS PLC,XNGS
CMPS,COMPASS PATHWAYS PLC UNSPON ADS REP 1 ORD SHS,XNGS
CMTL,COMTECH TELECOMMUNICATIONS,XNGS
CNDT,CONDUENT INC,XNGS
CNOB,CONNECTONE BANCORP INC,XNGS
CNOBP,CONNECTONE BANCORP INC DEP SHS EACH REP 1/40TH INT IN SHARE OF,XNGS
CNTA,CENTESSA PHARMACEUTICALS PLC SPON ADS EACH REPR 1 ORD SHS,XNGS
CNXC,CONCENTRIX CORPORATION,XNGS
CNXN,PC CONNECTION,XNGS
COCO,THE VITA COCO CO INC,XNGS
COGT,COGENT BIOSCIENCES INC,XNGS
COHU,COHU INC,XNGS
COIN,COINBASE GLOBAL INC,XNGS
COKE,COCA-COLA CONSOLIDATED INC,XNGS
COLB,COLUMBIA BANKING SYSTEMS INC,XNGS
COLL,COLLEGIUM PHARMACEUTICAL INC,XNGS
COLM,COLUMBIA SPORTSWEAR CO,XNGS
COMM,COMMSCOPE HOLDINGS CO INC,XNGS
COO,COOPER COS INC,XNGS
CORZ,CORE SCIENTIFIC INC,XNGS
CORZZ,CORE SCIENTIFIC INC,XNGS
COST,COSTCO WHOLESALE CORP,XNGS
CPB,THE CAMPBELLS COMPANY,XNGS
CPIX,CUMBERLAND PHARMACEUTICALS INC,XNGS
CPRT,COPART INC,XNGS
CPZ,CALAMOS L/S EQTY & DYNMC INCOME TR,XNGS
CRAI,CRA INTERNATIONAL INC,XNGS
CRBU,CARIBOU BIOSCIENCES INC,XNGS
CRCT,CRICUT INC,XNGS
CRDO,CREDO TECHNOLOGY GROUP HOLDING LTD,XNGS
CRESY,CRESUD S.A.C.I.F.Y.A. SPONS ADR EACH REP 10 COM ARS1,XNGS
CRMT,AMERICA'S CAR-MART INC,XNGS
CRNC,CERENCE INC,XNGS
CRNT,CERAGON NETWORKS LTD,XNGS
CRNX,CRINETICS PHARMACEUTICALS INC,XNGS
CROX,CROCS INC,XNGS
CRSR,CORSAIR GAMING INC,XNGS
CRTO,CRITEO S.A ADS EACH REPR 1 ORD SPONS EUR0.025,XNGS
CRUS,CIRRUS LOGIC INC,XNGS
CRVL,CORVEL CORP,XNGS
CRWD,CROWDSTRIKE HOLDINGS INC,XNGS
CRWV,COREWEAVE INC,XNGS
CSCO,CISCO SYSTEMS INC,XNGS
CSGP,COSTAR GROUP INC,XNGS
CSGS,CSG SYSTEMS INTL INC,XNGS
CSIQ,CANADIAN SOLAR INC,XNGS
CSQ,CALAMOS STRATEGIC TOTAL RETURN FD,XNGS
CSTE,CAESARSTONE LTD,XNGS
CSWC,CAPITAL SOUTHWEST CORPORATION,XNGS
CSX,CSX CORP,XNGS
CTAS,CINTAS CORP,XNGS
CTBI,COMMUNITY TRUST BANCORP INC,XNGS
CTKB,CYTEK BIOSCIENCES INC,XNGS
CTLP,CANTALOUPE INC,XNGS
CTMX,CYTOMX THERAPEUTICS INC,XNGS
CTNM,CONTINEUM THERAPEUTICS INC,XNGS
CTRN,CITI TRENDS INC,XNGS
CTSH,COGNIZANT TECHNOLOGY SOLUTIONS CORP,XNGS
CVBF,CVB FINANCIAL,XNGS
CVCO,CAVCO INDUSTRIES,XNGS
CVGI,COMMERCIAL VEHICLE GROUP INC,XNGS
CVGW,CALAVO GROWERS INC,XNGS
CVLT,COMMVAULT SYSTEMS INC,XNGS
CVRX,CVRX INC,XNGS
CWCO,CONSOLIDATED WATER CO,XNGS
CWST,CASELLA WASTE SYSTEMS,XNGS
CYBR,CYBERARK SOFTWARE LTD,XNGS
CYTK,CYTOKINETICS INC,XNGS
CZR,CAESARS ENTERTAINMENT INC NEW,XNGS
DAKT,DAKTRONIC INC,XNGS
DASH,DOORDASH INC,XNGS
DAWN,DAY ONE BIOPHARMACEUTICALS INC,XNGS
DBX,DROPBOX INC,XNGS
DCBO,DOCEBO INC,XNGS
DCOM,DIME COMMUNITY BANCSHARES INC.,XNGS
DCOMP,DIME COMMUNITY BANCSHARES INC. 5.50% NON CUM PERP PREF STK SER A,XNGS
DDI,DOUBLEDOWN INTERACTIVE CO LTD SPON ADS EACH REP 0.05 ORD SHS,XNGS
DDOG,DATADOG INC,XNGS
DGICA,DONEGAL GROUP,XNGS
DGICB,DONEGAL GROUP,XNGS
DGII,DIGI INTERNATIONAL INC,XNGS
DH,DEFINITIVE HEALTHCARE CORP,XNGS
DHC,DIVERSIFIED HEALTHCARE TRUST,XNGS
DHCNI,DIVERSIFIED HEALTHCARE TRUST 5.625% SR NT 01/08/2042,XNGS
DHCNL,DIVERSIFIED HEALTHCARE TRUST 6.25% SR NT 01/02/46 USD,XNGS
DHIL,DIAMOND HILL INVESTMENT GROUP,XNGS
DIOD,DIODES INC,XNGS
DKNG,DRAFTKINGS INC,XNGS
DLO,DLOCAL LTD,XNGS
DLTH,DULUTH HOLDINGS INC,XNGS
DLTR,DOLLAR TREE INC,XNGS
DMLP,DORCHESTER MINERALS LP,XNGS
DMRC,DIGIMARC CORP (NEW),XNGS
DNLI,DENALI THERAPEUTICS INC,XNGS
DNUT,KRISPY KREME INC,XNGS
DOCU,DOCUSIGN INC,XNGS
DOOO,BRP INC,XNGS
DORM,DORMAN PRODUCTS IN,XNGS
DOX,AMDOCS LTD,XNGS
DOYU,DOUYU INTERNATIONAL HOLDINGS LTD SPON ADS EACH REP 1 ORD SHS (POST SPLIT),XNGS
DPZ,DOMINOS PIZZA INC,XNGS
DRS,LEONARDO DRS INC,XNGS
DRVN,DRIVEN BRANDS HOLDINGS INC,XNGS
DSGN,DESIGN THERAPEUTICS INC,XNGS
DSGR,DISTRIBUTION SOLUTIONS GROUP I,XNGS
DSGX,DESCARTES SYSTEMS GROUP INC,XNGS
DSP,VIANT TECHNOLOGY INC,XNGS
DUOL,DUOLINGO INC,XNGS
DVAX,DYNAVAX TECHNOLOGIES CORP,XNGS
DWSN,DAWSON GEOPHYSICAL CO,XNGS
DXCM,DEXCOM INC,XNGS
DXPE,DXP ENTERPRISES INC,XNGS
DYN,DYNE THERAPEUTICS INC,XNGS
EA,ELECTRONIC ARTS INC,XNGS
EBAY,EBAY INC,XNGS
EBC,EASTERN BANKSHARES INC,XNGS
EBON,EBANG INTERNATIONAL HLDGS INC,XNGS
ECPG,ENCORE CAPITAL GROUP INC,XNGS
EDIT,EDITAS MEDICINE INC,XNGS
EEFT,EURONET WORLDWIDE INC,XNGS
EFSC,ENTERPRISE FINANCIAL SERVICES CORP,XNGS
EFSCP,ENTERPRISE FINANCIAL SERVICES CORP 5% DEP SH REP NON CUM PERP PFD SER A,XNGS
EGHT,8X8 INC NEW,XNGS
EHTH,EHEALTH INC,XNGS
ELVN,ENLIVEN THERAPEUTICS INC,XNGS
EMBC,EMBECTA CORPORATION,XNGS
ENLT,ENLIGHT RENEWABLE ENERGY LTD,XNGS
ENSG,ENSIGN GROUP INC,XNGS
ENTA,ENANTA PHARMACEUTICALS INC,XNGS
ENTG,ENTEGRIS INC,XNGS
ENVX,ENOVIX CORP,XNGS
EQIX,EQUINIX INC,XNGS
ERAS,ERASCA INC,XNGS
ERIC,ERICSSON(L.M.)(TELEFONAKTIEBOLAGET) ADR EACH REP 1 ORD'B'SEK1,XNGS
ERIE,ERIE INDEMNITY CO,XNGS
ERII,ENERGY RECOVERY INC,XNGS
ESLT,ELBIT SYSTEMS LTD,XNGS
ETOR,ETORO GROUP LTD.,XNGS
EVCM,EVERCOMMERCE INC,XNGS
EVGO,EVGO INC,XNGS
EVO,EVOTEC SE SPON ADS EACH REP 0.50 ORD SHS,XNGS
EVRG,EVERGY INC,XNGS
EWBC,EAST WEST BANCORP INC,XNGS
EWCZ,EUROPEAN WAX CTR INC,XNGS
EWTX,EDGEWISE THERAPEUTICS INC,XNGS
EXC,EXELON CORP,XNGS
EXE,EXPAND ENERGY CORPORATION,XNGS
EXEL,EXELIXIS INC,XNGS
EXFY,EXPENSIFY INC,XNGS
EXLS,EXLSERVICE HLDGS INC,XNGS
EXPE,EXPEDIA GROUP INC,XNGS
EXPO,EXPONENT INC,XNGS
EXTR,EXTREME NETWORKS,XNGS
EYE,NATIONAL VISION HOLDINGS INC,XNGS
EZPW,EZCORP INC,XNGS
FA,FIRST ADVANTAGE CORP NEW,XNGS
FANG,DIAMONDBACK ENERGY INC,XNGS
FARM,FARMER BROS CO,XNGS
FAST,FASTENAL,XNGS
FBIZ,FIRST BUSINESS FINL SERVICES INC,XNGS
FBNC,FIRST BANCORP NC,XNGS
FCBC,FIRST COMMUNITY BANKSHARES INC,XNGS
FCFS,FIRSTCASH HOLDINGS INC,XNGS
FCNCA,FIRST CITIZENS BANCSHARES INC,XNGS
FCNCO,FIRST CITIZENS BANCSHARES INC DEL 5.625% NON-CUM PERPETUAL PFD STK SER C,XNGS
FCNCP,FIRST CITIZENS BANCSHARES INC DEL 5.375 DEP REP 1/40TH PFD SER A,XNGS
FDMT,4D MOLECULAR THERAPEUTICS INC,XNGS
FDUS,FIDUS INVESTMENT CORPORATION,XNGS
FEAM,5E ADVANCED MATERIALS INC,XNGS
FELE,FRANKLIN ELECTRIC CO INC,XNGS
FER,FERROVIAL SE,XNGS
FFBC,FIRST FINANCIAL BANCORP,XNGS
FFIC,FLUSHING FINANCIAL CORP,XNGS
FFIN,FIRST FINANCIAL BANKSHARES INC,XNGS
FFIV,F5 INC,XNGS
FGEN,FIBROGEN INC,XNGS
FHB,FIRST HAWAIIAN,XNGS
FIBK,FIRST INTERSTATE BANCSYSTEM INC,XNGS
FIGR,FIGURE TECHNOLOGY SOLUTIONS INC,XNGS
FIP,FTAI INFRASTRUCTURE INC,XNGS
FISI,FINANCIAL INSTITUTIONS INC,XNGS
FISV,FISERV INC,XNGS
FITB,FIFTH THIRD BANCORP,XNGS
FITBI,FIFTH THIRD BANCORP DEP SHS REPR 1/1000TH OWNERSHIP INT PFD,XNGS
FITBO,FIFTH THIRD BANCORP 4.95% DEP SHS 1/1000TH NON CUM PFD SR K,XNGS
FITBP,FIFTH THIRD BANCORP 6% DEP SHS REP 1/40TH NON CUM CL B SER A,XNGS
FIVE,FIVE BELOW INC,XNGS
FIZZ,NATIONAL BEVERAGE CORP,XNGS
FLEX,FLEX LTD,XNGS
FLNC,FLUENCE ENERGY INC,XNGS
FLWS,1-800-FLOWERS.COM INC,XNGS
FLX,BINGEX LIMITED SPON ADS EACH REPR 3 CL A ORD SHS,XNGS
FLXS,FLEXSTEEL INDUSTRIES INC,XNGS
FLYW,FLYWIRE CORP,XNGS
FNKO,FUNKO INC,XNGS
FNLC,FIRST BANCORP INC ME,XNGS
FORM,FORMFACTOR INC,XNGS
FORR,FORRESTER RESEARCH INC,XNGS
FORTY,FORMULA SYSTEMS(1985) ADR EACH REP 1 ORD ILS1 LEVELII(BNY),XNGS
FOSL,FOSSIL GROUP INC,XNGS
FOSLL,FOSSIL GROUP INC 7.00 % SENIOR NOTES DUE 30/11/2026,XNGS
FOX,FOX CORP,XNGS
FOXA,FOX CORP,XNGS
FOXF,FOX FACTORY HOLDING CORP,XNGS
FRD,FRIEDMAN INDUSTRIES INC,XNGS
FRME,FIRST MERCHANTS CORP,XNGS
FRMEP,FIRST MERCHANTS CORP 7.50% DEP SHS REP 1/100TH PR PFD SER A,XNGS
FRMI,FERMI INC,XNGS
FROG,JFROG LTD,XNGS
FRPH,FRP HOLDINGS INC,XNGS
FRSH,FRESHWORKS INC,XNGS
FSBC,FIVE STAR BANCORP,XNGS
FSLR,FIRST SOLAR INC,XNGS
FSTR,FOSTER(L.B.)& CO,XNGS
FSUN,FIRSTSUN CAP BANCORP,XNGS
FSV,FIRSTSERVICE CORP,XNGS
FTAI,FTAI AVIATION LTD,XNGS
FTAIM,FTAI AVIATION LTD 9.500% FXD RT RST CUM PERP RED PFD SER D,XNGS
FTAIN,FTAI AVIATION LTD 8.25% FIX-RATE RESET SER C CUM PER RED P,XNGS
FTDR,FRONTDOOR INC,XNGS
FTNT,FORTINET INC,XNGS
FTRE,FORTREA HOLDINGS INC.,XNGS
FULT,FULTON FINANCIAL CORP,XNGS
FULTP,FULTON FINANCIAL CORP DEP SHS REP 1/40TH INT PERP NCUM PFD A,XNGS
FUNC,FIRST UNITED CORP,XNGS
FUND,SPROTT FOCUS TRUST INC,XNGS
FWONA,LIBERTY MEDIA CORPORATION,XNGS
FWONK,LIBERTY MEDIA CORPORATION,XNGS
FWRD,FORWARD AIR CORPORATION,XNGS
FWRG,FIRST WATCH RESTAURANT GRP INC,XNGS
FYBR,FRONTIER COMMUNICATIONS PARENT INC,XNGS
GABC,GERMAN AMERN BANCORP,XNGS
GAIN,GLADSTONE INVESTMENT CORPORATION,XNGS
GAINI,GLADSTONE INVESTMENT CORPORATION 7.875% NTS 01/02/2030 USD25,XNGS
GAINL,GLADSTONE INVESTMENT CORPORATION 8% NOTES 01/08/2028 USD25,XNGS
GAINN,GLADSTONE INVESTMENT CORPORATION 5% NOTES DUE 01/05/2026 USD25,XNGS
GAINZ,GLADSTONE INVESTMENT CORPORATION 4.875% NTS 01/11/2028 USD25,XNGS
GASS,STEALTHGAS INC,XNGS
GBDC,GOLUB CAPITAL BDC INC,XNGS
GBIO,GENERATION BIO CO,XNGS
GBLI,GLOBAL INDEMNITY GROUP LLC,XNGS
GCL,GCL GLOBAL HOLDINGS LTD,XNGS
GDRX,GOODRX HLDGS INC,XNGS
GEG,GREAT ELM GROUP INC,XNGS
GEHC,GE HEALTHCARE TECHNOLOGIES INC,XNGS
GEMI,GEMINI SPACE STATION INC.,XNGS
GEN,GEN DIGITAL INC,XNGS
GEOS,GEOSPACE TECHNOLOGIES CORP,XNGS
GERN,GERON CORP,XNGS
GFS,GLOBALFOUNDRIES INC,XNGS
GH,GUARDANT HEALTH INC,XNGS
GIFI,GULF ISLAND FABRICATION INC,XNGS
GIII,G-III APPAREL GROUP,XNGS
GILD,GILEAD SCIENCES INC,XNGS
GILT,GILAT SATELLITE NETWORKS,XNGS
GLAD,GLADSTONE CAPITAL CORP,XNGS
GLBE,GLOBAL-E ONLINE LTD,XNGS
GLDD,GREAT LAKES DREDGE & DOCK CORP,XNGS
GLIBA,GCI LIBERTY INC,XNGS
GLIBK,GCI LIBERTY INC,XNGS
GLNG,GOLAR LNG LIMITED,XNGS
GLPG,GALAPAGOS NV SPON ADR REPR 1 ORD SHS,XNGS
GLPI,GAMING & LEISURE P,XNGS
GLRE,GREENLIGHT CAPITAL RE LTD,XNGS
GLUE,MONTE ROSA THERAPEUTICS INC,XNGS
GLXY,GALAXY DIGITAL INC,XNGS
GMAB,GENMAB AS SPON ADS EACH REP 0.1 ORD SHS,XNGS
GNFT,GENFIT SPON ADS EACH REP 1 ORD SHS,XNGS
GNTX,GENTEX CORP,XNGS
GO,GROCERY OUTLET HOLDING CORP,XNGS
GOGO,GOGO INC,XNGS
GOOD,GLADSTONE COMMERCIAL CORP,XNGS
GOODN,GLADSTONE COMMERCIAL CORP 6.625% CUM RED PREF STOCK SERIES E,XNGS
GOODO,GLADSTONE COMMERCIAL CORP 6.00% SERIES G CUMULATIVE RED PFD USD25,XNGS
GOOG,ALPHABET INC,XNGS
GOOGL,ALPHABET INC,XNGS
GOSS,GOSSAMER BIO INC,XNGS
GPRE,GREEN PLAINS INC,XNGS
GPRO,GOPRO INC.,XNGS
GRAB,GRAB HLDGS LTD,XNGS
GRAL,GRAIL INC,XNGS
GREE,GREENIDGE GENERATION HLDGS INC,XNGS
GREEL,GREENIDGE GENERATION HLDGS INC 8.50% SENIOR NOTES 31/10/2026,XNGS
GRFS,GRIFOLS SA SPON ADR EA REPR 1 ORD EUR0.10,XNGS
GRPN,GROUPON INC,XNGS
GSAT,GLOBALSTAR INC,XNGS
GSBC,GREAT SOUTHERN BANCORPORATION INC,XNGS
GSHD,GOOSEHEAD INS INC,XNGS
GSIT,GSI TECHNOLOGY INC,XNGS
GT,GOODYEAR TIRE & RUBBER CO,XNGS
GTLB,GITLAB INC,XNGS
GTM,ZOOMINFO TECHNOLOGIES INC,XNGS
GTX,GARRETT MOTION INC,XNGS
HAFC,HANMI FINANCIAL CORP,XNGS
HAIN,HAIN CELESTIAL GROUP INC,XNGS
HALO,HALOZYME THERAPEUTICS INC,XNGS
HAS,HASBRO INC,XNGS
HBAN,HUNTINGTON BANCSHARES INC,XNGS
HBANL,HUNTINGTON BANCSHARES INC DEP SHS REPSTG 1/40TH INT NON CUM PERP J,XNGS
HBANM,HUNTINGTON BANCSHARES INC 5.7%DEP SHS RTG 1/1000TH NON CUM PERP I,XNGS
HBANP,HUNTINGTON BANCSHARES INC DEP SH REP 1/40TH PERP PFD SER H USD25.0,XNGS
HBCP,HOME BANCORP INC,XNGS
HBNC,HORIZON BANCORP INC,XNGS
HBT,HBT FINANCIAL INC,XNGS
HCAT,HEALTH CATALYST INC,XNGS
HCKT,HACKETT GROUP INC,XNGS
HCM,HUTCHMED (CHINA) LIMITED SPON ADS EACH REPR 5 ORD SHS,XNGS
HCSG,HEALTHCARE SERVICES GROUP INC,XNGS
HELE,HELEN OF TROY CORP,XNGS
HEPS,D-MARKET ELECTR SVCS & TRADING SPON ADR EH REP 1 ORD SHS,XNGS
HFWA,HERITAGE FINANCIAL CORP,XNGS
HIMX,HIMAX TECHNOLOGIES INC SPONS ADR EA REPR 2 ORD SHS NPV,XNGS
HLIT,HARMONIC INC,XNGS
HLNE,HAMILTON LANE INC,XNGS
HNST,HONEST CO INC(THE),XNGS
HNVR,HANOVER BANCORP INC,XNGS
HOFT,HOOKER FURNISHINGS CORPORATION,XNGS
HOLX,HOLOGIC INC,XNGS
HON,HONEYWELL INTERNATIONAL INC,XNGS
HOOD,ROBINHOOD MARKETS INC,XNGS
HOPE,HOPE BANCORP INC,XNGS
HOWL,WEREWOLF THERAPEUTICS INC,XNGS
HQY,HEALTHEQUITY INC,XNGS
HRZN,HORIZON TECHNOLOGY FINANCE CORP,XNGS
HSAI,HESAI GROUP SPON ADS EACH REP 1 ORD CL B,XNGS
HSIC,HENRY SCHEIN INC,XNGS
HSII,HEIDRICK & STRUGGLES,XNGS
HST,HOST HOTELS & RESORTS INC,XNGS
HSTM,HEALTHSTREAM INC,XNGS
HTBK,HERITAGE COMMERCE CORP,XNGS
HTFL,HEARTFLOW INC.,XNGS
HTHT,H WORLD GROUP LIMITED SPON ADS EACH REP 10 ORD SHS,XNGS
HTLD,HEARTLAND EXPRESS INC,XNGS
HTO,H2O AMERICA,XNGS
HTZ,HERTZ GLOBAL HOLDINGS INC,XNGS
HUBG,HUB GROUP INC,XNGS
HUMA,HUMACYTE INC,XNGS
HURC,HURCO COMPANIES INC,XNGS
HURN,HURON CONSULTING GROUP INC,XNGS
HUT,HUT 8 CORP,XNGS
HWBK,HAWTHORNE BANCSHARES INC,XNGS
HWC,HANCOCK WHITNEY CORPORATION,XNGS
HWCPZ,HANCOCK WHITNEY CORPORATION 6.25% SUBORDINATED NOTES DUE 15/06/2060,XNGS
HWKN,HAWKINS INC,XNGS
IAC,IAC INC,XNGS
IART,INTEGRA LIFESCIENCES HLDGS CORP,XNGS
IAS,INTEGRAL AD SCIENCE HOLDING CORP,XNGS
IBCP,INDEPENDENT BANK CORP MICHIGAN,XNGS
IBKR,INTERACTIVE BROKERS GROUP INC,XNGS
IBOC,INTERNATIONAL BANCSHARES CORP,XNGS
IBRX,IMMUNITYBIO INC,XNGS
ICFI,ICF INTERNATIONAL INC,XNGS
ICHR,ICHOR HOLDINGS LTD,XNGS
ICLR,ICON PLC,XNGS
ICMB,INVESTCORP CREDIT MGMT BDC INC,XNGS
ICUI,ICU MEDICAL INC,XNGS
IDCC,INTERDIGITAL INC,XNGS
IDXX,IDEXX LABORATORIES INC,XNGS
IDYA,IDEAYA BIOSCIENCES INC,XNGS
IEP,ICAHN ENTERPRISES LP/CORP,XNGS
IFRX,INFLARX N V,XNGS
IHRT,IHEARTMEDIA INC,XNGS
IIIV,I3 VERTICALS INC,XNGS
ILMN,ILLUMINA INC,XNGS
ILPT,INDUSTRIAL LOGISTICS PPTYS TR,XNGS
IMCR,IMMUNOCORE HLDGS PLC SPON ADS EACH REP ONE ORD SHS,XNGS
IMKTA,INGLES MARKET INC,XNGS
IMMR,IMMERSION CORP,XNGS
IMOS,CHIPMOS TECHNOLOGIES INC SPON ADS EACH REP 20 ORD SHS,XNGS
IMSR,TERRESTRIAL ENERGY INC,XNGS
IMUX,IMMUNIC INC,XNGS
IMVT,IMMUNOVANT INC,XNGS
INBK,FIRST INTERNET BANCORP,XNGS
INBKZ,FIRST INTERNET BANCORP 6.0% SUB NT FXD FLTG DUE 30/06/2029,XNGS
INBX,INHIBRX BIOSCIENCES  INC.,XNGS
INCY,INCYTE CORPORATION,XNGS
INDB,INDEPENDENT BANK CORP(MASS),XNGS
INDV,INDIVIOR PLC,XNGS
INGN,INOGEN INC,XNGS
INMD,INMODE LTD,XNGS
INNV,INNOVAGE HOLDING CORP,XNGS
INSG,INSEEGO CORP,XNGS
INSM,INSMED INC,XNGS
INTA,INTAPP INC,XNGS
INTC,INTEL CORP,XNGS
INTR,INTER & CO INC,XNGS
INTU,INTUIT INC,XNGS
INVA,INNOVIVA INC,XNGS
IOBT,IO BIOTECH INC,XNGS
IONS,IONIS PHARMACEUTICALS INC,XNGS
IOSP,INNOSPEC INC,XNGS
IPAR,INTERPARFUMS INC,XNGS
IPGP,IPG PHOTONICS CORPORATION,XNGS
IPHA,INNATE PHARMA SPON ADS EACH REP 1 ORD SHS,XNGS
IQ,IQIYI INC SPON EACH ADS REP 7 ORD SHS CLASS A,XNGS
IRBT,IROBOT CORP,XNGS
IRDM,IRIDIUM COMMUNICATIONS INC,XNGS
IREN,IREN LIMITED,XNGS
IRTC,IRHYTHM TECHNOLOGIES INC,XNGS
IRWD,IRONWOOD PHARMACEUTICALS INC,XNGS
ISRG,INTUITIVE SURGICAL INC,XNGS
ISSC,INNOVATIVE SOLUTIONS & SUPPORT,XNGS
ITIC,INVESTORS TITLE CO,XNGS
ITRI,ITRON INC,XNGS
ITRN,ITURAN LOCATION & CONTROL,XNGS
JACK,JACK IN THE BOX INC,XNGS
JAKK,JAKKS PACIFIC INC,XNGS
JAMF,JAMF HOLDING CORP,XNGS
JAZZ,JAZZ PHARMACEUTICALS PLC,XNGS
JBHT,HUNT(J.B.)TRANSPORT SERVICES INC,XNGS
JBLU,JETBLUE AIRWAYS CORPORATION,XNGS
JBSS,SANFILIPPO(JOHN B)& SON INC,XNGS
JCAP,JEFFERSON CAPITAL INC,XNGS
JD,JD.COM INC SPON ADS EACH REPR 2 ORD SHS CLASS A,XNGS
JJSF,J & J SNACK FOODS CORP,XNGS
JKHY,HENRY JACK & ASSOCIATES INC,XNGS
JOUT,JOHNSON OUTDOORS INC,XNGS
JOYY,JOYY INC SPON ADS EACH REP 20 ORD SHS CL A,XNGS
JRVR,JAMES RIV GP HLDGS INC,XNGS
JSM,NAVIENT CORP 6% SNR NTS 15/12/43 USD25,XNGS
KALU,KAISER ALUMINUM CORP,XNGS
KC,KINGSOFT CLOUD HLDGS LTD SPON ADS EACH REP 15 ORD SHS,XNGS
KDP,KEURIG DR PEPPER INC,XNGS
KE,KIMBALL ELECTRONICS  INC,XNGS
KELYA,KELLY SERVICES INC,XNGS
KELYB,KELLY SERVICES INC,XNGS
KHC,KRAFT HEINZ CO,XNGS
KLAC,KLA CORPORATION,XNGS
KLIC,KULICKE & SOFFA INDUSTRIES INC,XNGS
KLTR,KALTURA INC,XNGS
KLXE,KLX ENERGY SERVICES HOLDINGS INC,XNGS
KMB,KIMBERLY CLARK CORP,XNGS
KMDA,KAMADA LTD,XNGS
KMTS,KESTRA MEDICAL TECHNOLOGIES LTD,XNGS
KNDI,KANDI TECHNOLGIES GROUP INC (VI),XNGS
KNSA,KINIKSA PHARMACEUTICALS INTERNATION,XNGS
KPTI,KARYOPHARM THERAPEUTICS INC,XNGS
KRNT,KORNIT DIGITAL LTD,XNGS
KRNY,KEARNY FINANCIAL CORP MD,XNGS
KRT,KARAT PACKAGING INC,XNGS
KRYS,KRYSTAL BIOTECH INC,XNGS
KSPI,KASPI.KZ JSC SPONSORED ADS EACH REP 1 COM SHS,XNGS
KTOS,KRATOS DEFENSE & SECURITY SOLUTIONS,XNGS
KURA,KURA ONCOLOGY INC,XNGS
KVHI,KVH INDUSTRIES,XNGS
KYIV,KYIVSTAR GROUP LTD,XNGS
KYTX,KYVERNA THERAPEUTICS INC,XNGS
LAB,STANDARD BIOTOOLS INC,XNGS
LAES,SEALSQ CORP,XNGS
LAMR,LAMAR ADVERTISING CO,XNGS
LASR,NLIGHT INC,XNGS
LAUR,LAUREATE EDUCATION INC,XNGS
LAZR,LUMINAR TECHNOLOGIES INC,XNGS
LBRDA,LIBERTY BROADBAND CORP,XNGS
LBRDK,LIBERTY BROADBAND CORP,XNGS
LBRDP,LIBERTY BROADBAND CORP CUMULATIVE REDEEMABLE PFD SER A,XNGS
LBTYA,LIBERTY GLOBAL LTD.,XNGS
LBTYB,LIBERTY GLOBAL LTD.,XNGS
LBTYK,LIBERTY GLOBAL LTD.,XNGS
LCID,LUCID GROUP INC,XNGS
LCUT,LIFETIME BRANDS IN,XNGS
LECO,LINCOLN ELECTRIC HLDGS INC,XNGS
LEE,LEE ENTERPRISES INC,XNGS
LEGH,LEGACY HOUSING CORPORATION,XNGS
LEGN,LEGEND BIOTECH CORP SPON ADS EACH REP 2 ORD SHS,XNGS
LENZ,LENZ THERAPEUTICS INC,XNGS
LESL,LESLIES INC,XNGS
LFCR,LIFECORE BIOMEDICAL INC,XNGS
LFST,LIFESTANCE HEALTH GROUP INC,XNGS
LFUS,LITTELFUSE INC,XNGS
LGIH,LGI HOMES INC,XNGS
LGN,LEGENCE CORP.,XNGS
LGO,LARGO INC,XNGS
LI,LI AUTO INC SPN ADS ECH REP 2 ORD SHS CL A,XNGS
LIF,LIFE360 INC.,XNGS
LILA,LIBERTY LATIN AMERICA LTD,XNGS
LILAK,LIBERTY LATIN AMERICA LTD,XNGS
LIN,LINDE PLC,XNGS
LINC,LINCOLN EDUCATIONAL SERVICES CORP,XNGS
LINE,LINEAGE INC,XNGS
LITE,LUMENTUM HLDGS INC,XNGS
LIVN,LIVANOVA PLC,XNGS
LKFN,LAKELAND FINANCIAL CORP,XNGS
LKQ,LKQ CORPORATION,XNGS
LLYVA,LIBERTY MEDIA CORPORATION,XNGS
LLYVK,LIBERTY MEDIA CORPORATION,XNGS
LMNR,LIMONEIRA CO,XNGS
LNT,ALLIANT ENERGY CORP,XNGS
LNW,LIGHT & WONDER INC,XNGS
LOCO,EL POLLO LOCO HOLDINGS INC,XNGS
LOGI,LOGITECH INTERNATIONAL SA,XNGS
LOPE,GRAND CANYON EDUCATION,XNGS
LOT,LOTUS TECHNOLOGY INC,XNGS
LPLA,LPL FINL HLDGS INC,XNGS
LPSN,LIVEPERSON INC,XNGS
LQDT,LIQUIDITY SVCS INC,XNGS
LRCX,LAM RESEARCH CORP,XNGS
LSAK,LESAKA TECHNOLOGIES INC,XNGS
LSCC,LATTICE SEMICONDUCTOR,XNGS
LSTR,LANDSTAR SYSTEM INC,XNGS
LULU,LULULEMON ATHLETICA INC,XNGS
LUNG,PULMONX CORPORATION,XNGS
LVTX,LAVA THERAPEUTICS NV,XNGS
LX,LEXINFINTECH HOLDINGS LTD EACH ADS REP 2 ORD SHS CLASS A,XNGS
LYEL,LYELL IMMUNOPHARMA INC,XNGS
LYFT,LYFT INC,XNGS
LYTS,LSI INDUSTRIES,XNGS
LZ,LEGALZOOM.COM INC,XNGS
MANH,MANHATTAN ASSOCIATES INC,XNGS
MAPS,WM TECHNOLOGY INC,XNGS
MAR,MARRIOTT INTERNATIONAL INC,XNGS
MASI,MASIMO CORPORATION,XNGS
MAT,MATTEL INC,XNGS
MATW,MATTHEWS INTL CORP,XNGS
MAXN,MAXEON SOLAR TECHNOLOGIES LIMITED,XNGS
MBLY,MOBILEYE GLOBAL INC,XNGS
MBWM,MERCANTILE BANK CORP,XNGS
MBX,MBX BIOSCIENCES INC.,XNGS
MCBS,METROCITY BANKSHARES INC,XNGS
MCHB,MECHANICS BANCORP,XNGS
MCHP,MICROCHIP TECHNOLOGY,XNGS
MCHPP,MICROCHIP TECHNOLOGY DEP SHS REPSTG 1/20TH PFD CONV SER A,XNGS
MCHX,MARCHEX INC,XNGS
MCRB,SERES THERAPEUTICS,XNGS
MCRI,MONARCH CASINO & RESORT,XNGS
MCW,MISTER CAR WASH INC,XNGS
MDGL,MADRIGAL PHARMACEUTICALS INC,XNGS
MDLZ,MONDELEZ INTL INC,XNGS
MEDP,MEDPACE HOLDINGS INC,XNGS
MELI,MERCADOLIBRE INC,XNGS
MEOH,METHANEX CORP,XNGS
MERC,MERCER INTERNATIONAL INC,XNGS
MESO,MESOBLAST LTD SPON ADR EACH REP 10 ORD (REV SPLIT),XNGS
META,META PLATFORMS INC,XNGS
METC,RAMACO RESOURCES INC,XNGS
METCB,RAMACO RESOURCES INC,XNGS
METCZ,RAMACO RESOURCES INC 8.375% SENIR FXD NT DUE 30/11/2029 USD25,XNGS
MFIC,MIDCAP FINANCIAL INVESTMENT CORP,XNGS
MFIN,MEDALLION FINANCIAL CORP,XNGS
MGEE,MGE ENERGY INC,XNGS
MGIC,MAGIC SOFTWARE ENTERPRISES,XNGS
MGNI,MAGNITE INC,XNGS
MGNX,MACROGENICS INC,XNGS
MGPI,MGP INGREDIENTS INC NEW,XNGS
MGRC,MCGRATH RENTCORP,XNGS
MGTX,MEIRAGTX HOLDINGS PLC,XNGS
MGX,METAGENOMI INC,XNGS
MIDD,MIDDLEBY CORP,XNGS
MIST,MILESTONE PHARMACEUTICALS INC,XNGS
MKSI,MKS INC,XNGS
MKTX,MARKETAXESS HLDGS INC,XNGS
MLAB,MESA LABORATORIES INC,XNGS
MLCO,MELCO RESORTS AND ENTERTAINMENT LTD SPON ADR EACH REP 3 ORD SHS,XNGS
MLKN,MILLERKNOLL INC,XNGS
MLYS,MINERALYS THERAPEUTICS INC,XNGS
MMLP,MARTIN MIDSTREAM PARTNERS LP,XNGS
MMSI,MERIT MEDICAL SYSTEMS,XNGS
MMYT,MAKEMYTRIP LTD,XNGS
MNDY,MONDAY.COM LTD,XNGS
MNMD,MIND MEDICINE (MINDMED) INC,XNGS
MNRO,MONRO INC,XNGS
MNST,MONSTER BEVERAGE CORP,XNGS
MOFG,MIDWESTONE FINANCIAL GROUP INC,XNGS
MOLN,MOLECULAR PARTNERS AG SPON ADS EACH REP 1 ORD SHS,XNGS
MOMO,HELLO GROUP INC SPON ADS EACH REP 2 ORD SHS CL A,XNGS
MORN,MORNINGSTAR INC,XNGS
MPAA,MOTORCAR PARTS OF AMERICA INC,XNGS
MPLT,MAPLIGHT THERAPEUTICS INC,XNGS
MPWR,MONOLITHIC POWER SYSTEM INC,XNGS
MQ,MARQETA INC,XNGS
MRBK,MERIDIAN CORPORATION,XNGS
MRCC,MONROE,XNGS
MRCY,MERCURY SYSTEMS INC,XNGS
MRNA,MODERNA INC,XNGS
MRSN,MERSANA THERAPEUTICS INC,XNGS
MRTN,MARTEN TRANSPORT,XNGS
MRVI,MARAVAI LIFESCIENCES HLDGS INC,XNGS
MRVL,MARVELL TECHNOLOGY INC,XNGS
MRX,MAREX GROUP PLC,XNGS
MSBI,MIDLAND STS BANCORP INC,XNGS
MSBIP,MIDLAND STS BANCORP INC 7.75% DEP SHS REP 1/40TH PERP PFD SER A,XNGS
MSEX,MIDDLESEX WATER CO,XNGS
MSFT,MICROSOFT CORP,XNGS
MSTR,STRATEGY INC,XNGS
MTCH,MATCH GROUP INC,XNGS
MTLS,MATERIALISE NV SPON ADS EA REPSTG 1 ORD,XNGS
MTRX,MATRIX SERVICE CO,XNGS
MTSI,MACOM TECHNOLOGY SOLUTIONS HOLDINGS,XNGS
MTSR,METSERA INC,XNGS
MU,MICRON TECHNOLOGY INC,XNGS
MXCT,MAXCYTE INC,XNGS
MXL,MAXLINEAR INC,XNGS
MYFW,FIRST WESTERN FINANCIAL INC,XNGS
MYGN,MYRIAD GENETICS INC,XNGS
MYRG,MYR GRP INC,XNGS
MZTI,MARZETTI CO,XNGS
NATH,NATHANS FAMOUS INC,XNGS
NAVI,NAVIENT CORP,XNGS
NAVN,NAVAN INC,XNGS
NBIS,NEBIUS GROUP N V,XNGS
NBIX,NEUROCRINE BIOSCIENCES INC,XNGS
NBTB,NBT BANCORP INC,XNGS
NBTX,NANOBIOTIX SPON ADS EACH REP 1 ORD SHS,XNGS
NCMI,NATIONAL CINEMEDIA INC,XNGS
NCNO,NCINO INC,XNGS
NDAQ,NASDAQ INC,XNGS
NDLS,NOODLES & CO,XNGS
NDSN,NORDSON CORP,XNGS
NEOG,NEOGEN CORP,XNGS
NFBK,NORTHFIELD BANCORP INC,XNGS
NFE,NEW FORTRESS ENERGY INC,XNGS
NFLX,NETFLIX INC,XNGS
NICE,NICE LTD ADR-EACH CNV INTO 1 ORD ILS1,XNGS
NKTX,NKARTA INC,XNGS
NMFC,NEW MOUNTAIN FINANCE CORPORATION,XNGS
NMRA,NEUMORA THERAPEUTICS INC,XNGS
NMRK,NEWMARK GROUP INC,XNGS
NNBR,NN INC,XNGS
NOVT,NOVANTA INC,XNGS
NRC,NATIONAL RESEARCH CORP,XNGS
NRIM,NORTHRIM BANCORP INC,XNGS
NSIT,INSIGHT ENTERPRISE INC,XNGS
NSSC,NAPCO SECURITY TECHNOLOGIES INC,XNGS
NTAP,NETAPP INC,XNGS
NTCT,NETSCOUT SYSTEMS INC,XNGS
NTES,NETEASE INC SPON ADR EACH REP 5 ORD SHS,XNGS
NTGR,NETGEAR INC,XNGS
NTNX,NUTANIX INC,XNGS
NTRA,NATERA INC,XNGS
NTRS,NORTHERN TRUST CORP,XNGS
NTRSO,NORTHERN TRUST CORP 4.7 DEP SHS REP 1/1000TH NON CUM PFD E,XNGS
NTSK,NETSKOPE INC,XNGS
NUVL,NUVALENT INC,XNGS
NVAX,NOVAVAX INC,XNGS
NVCR,NOVOCURE LTD,XNGS
NVDA,NVIDIA CORP,XNGS
NVMI,NOVA LTD,XNGS
NWBI,NORTHWEST BANCSHARES INC,XNGS
NWE,NORTHWESTERN ENERGY GROUP INC,XNGS
NWL,NEWELL BRANDS INC,XNGS
NWPX,NWPX INFRASTRUCTURE INC,XNGS
NWS,NEWS CORP NEW,XNGS
NWSA,NEWS CORP NEW,XNGS
NXPI,NXP SEMICONDUCTORS N V,XNGS
NXST,NEXSTAR MEDIA GROUP INC,XNGS
NXT,NEXTRACKER INC,XNGS
NXTC,NEXTCURE INC,XNGS
NYAX,NAYAX LTD,XNGS
OCFC,OCEANFIRST FINANCIAL CORP,XNGS
OCSL,OAKTREE SPECIALTY LENDING CORP,XNGS
ODFL,OLD DOMINION FREIGHT LINE INC,XNGS
ODP,THE ODP CORPORATION,XNGS
OFIX,ORTHOFIX MEDICAL INC,XNGS
OFS,OFS CAPITAL CORPORATION,XNGS
OFSSH,OFS CAPITAL CORPORATION 4.95% NOTES DUE 31/10/2028,XNGS
OGI,ORGANIGRAM GLOBAL INC,XNGS
OKTA,OKTA INC,XNGS
OLED,UNIVERSAL DISPLAY CORP,XNGS
OLMA,OLEMA PHARMACEUTICALS INC,XNGS
OLPX,OLAPLEX HLDGS INC,XNGS
OM,OUTSET MEDICAL INC,XNGS
OMAB,GRUPO AEROPORTUARIO DEL CENTRO NORT SPON ADR EA REP 8 SER 'B' NPV,XNGS
OMCC,OLD MARKET CAPITAL CORPORATION,XNGS
OMCL,OMNICELL INC,XNGS
OMDA,OMADA HEALTH INC,XNGS
ON,ON SEMICONDUCTOR CORP,XNGS
ONB,OLD NATIONAL BANCORP(INDIANA),XNGS
ONBPO,OLD NATIONAL BANCORP(INDIANA) DEP SHS EACH REP 1/40TH NON-CUM PFD C,XNGS
ONBPP,OLD NATIONAL BANCORP(INDIANA) DEP SHS EACH REP 1/40TH NON-CUM PFD A,XNGS
ONC,BEONE MEDICINES LTD SPON ADS EACH REPR 13 ORD SHS,XNGS
OPCH,OPTION CARE HEALTH INC,XNGS
OPEN,OPENDOOR TECHNOLOGIES INC,XNGS
OPK,OPKO HEALTH INC,XNGS
OPRA,OPERA LIMITED SPON ADS EACH REP 1 ORD SHS,XNGS
OPRT,OPORTUN FINANCIAL CORPORATION,XNGS
OPT,OPTHEA LIMITED SPON ADR EACH REP 8 ORD SHS,XNGS
ORIC,ORIC PHARMACEUTICALS INC,XNGS
ORLY,OREILLY AUTOMOTIVE INC NEW,XNGS
OS,ONESTREAM INC,XNGS
OSBC,OLD SECOND BANCORP INC,XNGS
OSIS,OSI SYSTEMS INC,XNGS
OSUR,ORASURE TECHNOLOGIES INC,XNGS
OTEX,OPEN TEXT CO,XNGS
OTLY,OATLY GROUP AB SPON ADS EACH REP 20 ORD SHS (P/S),XNGS
OTTR,OTTER TAIL CORP,XNGS
OUST,OUSTER INC,XNGS
OXLC,OXFORD LANE CAPITAL CORP,XNGS
OXLCG,OXFORD LANE CAPITAL CORP 7.95% PREF 29/02/2032 USD 25,XNGS
OXLCI,OXFORD LANE CAPITAL CORP 8.75% NTS 30/06/30 USD25,XNGS
OXLCL,OXFORD LANE CAPITAL CORP 6.75% NOTES DUE 31/03/2031 USD25,XNGS
OXLCN,OXFORD LANE CAPITAL CORP 7.125% PREFERRED SERIES 2029,XNGS
OXLCO,OXFORD LANE CAPITAL CORP 6% TERM PREFERRED SER 2029,XNGS
OXLCP,OXFORD LANE CAPITAL CORP 6.25% SER 2027 PREFERRD STOCK,XNGS
OXLCZ,OXFORD LANE CAPITAL CORP 5% NOTES DUE 31/01/2027,XNGS
OXSQ,OXFORD SQUARE CAPITAL CORP,XNGS
OXSQG,OXFORD SQUARE CAPITAL CORP 5.50% SR NOTES DUE 31/07/2028,XNGS
OXSQH,OXFORD SQUARE CAPITAL CORP 7.75%  NOTES DUE 31/07/2030,XNGS
OZK,BANK OZK,XNGS
OZKAP,BANK OZK 4.625% SERIES A NON-CUM PERP PFD STOCK,XNGS
PAA,PLAINS ALL AMERICAN PIPELINE LP,XNGS
PACB,PACIFIC BIOSCIENCES CALIFORNIA INC,XNGS
PAGP,PLAINS GP HOLDINGS LP,XNGS
PAL,PROFICIENT AUTO LOGISTICS INC,XNGS
PANW,PALO ALTO NETWORKS INC,XNGS
PATK,PATRICK INDUSTRIES INC,XNGS
PAX,PATRIA INVESTMENTS LTD,XNGS
PAYX,PAYCHEX INC,XNGS
PBYI,PUMA BIOTECHNOLOGY INC,XNGS
PCAR,PACCAR INC,XNGS
PCB,PCB BANCORP,XNGS
PCH,POTLATCHDELTIC CORPORATION,XNGS
PCRX,PACIRA BIOSCIENCES INC,XNGS
PCTY,PAYLOCITY HOLDING CORPORATION,XNGS
PCVX,VAXCYTE INC,XNGS
PDD,PDD HOLDINGS INC SPON ADS EACH REP 4 ORD SHS,XNGS
PDFS,PDF SOLUTIONS INC,XNGS
PEBO,PEOPLES BANCORP INC,XNGS
PECO,PHILLIPS EDISON & COMPANY INC,XNGS
PEGA,PEGASYSTEMS INC,XNGS
PENG,PENGUIN SOLUTIONS INC,XNGS
PENN,PENN ENTERTAINMENT INC,XNGS
PEP,PEPSICO INC,XNGS
PEPG,PEPGEN INC,XNGS
PERI,PERION NETWORK LTD,XNGS
PETS,PETMED EXPRESS INC,XNGS
PFBC,PREFERRED BK LOS ANGELES CALIFORNIA,XNGS
PFG,PRINCIPAL FINANCIAL GROUP,XNGS
PFIS,PEOPLES FINANCIAL SERVICES GROUP,XNGS
PGC,PEAPACK GLADSTONE FINANCIAL CORP,XNGS
PGEN,PRECIGEN INC,XNGS
PGNY,PROGYNY INC,XNGS
PHAT,PHATHOM PHARMACEUTICALS INC,XNGS
PHVS,PHARVARIS NV,XNGS
PI,IMPINJ INC,XNGS
PINC,PREMIER INC,XNGS
PKOH,PARK-OHIO HOLDINGS CORP,XNGS
PLAB,PHOTRONICS INC,XNGS
PLAY,DAVE & BUSTER'S ENTERTAINMENT INC,XNGS
PLCE,CHILDREN'S PLACE INC,XNGS
PLMR,PALOMAR HOLDINGS INC,XNGS
PLPC,PREFORMED LINE PRODUCTS CO,XNGS
PLRX,PLIANT THERAPEUTICS INC,XNGS
PLTK,PLAYTIKA HLDG CORP,XNGS
PLTR,PALANTIR TECH INC,XNGS
PLUS,EPLUS INC,XNGS
PLXS,PLEXUS CORP,XNGS
PMVP,PMV PHARMACEUTICALS INC,XNGS
PNFP,PINNACLE FINANCIAL PARTNERS,XNGS
PNFPP,PINNACLE FINANCIAL PARTNERS 6.75% DEP SHS REP 1/40 NON CUM PER PRF B,XNGS
PNTG,PENNANT GROUP INC,XNGS
PODD,INSULET CORPORATION,XNGS
PONY,PONY AI INC SPON ADS EACH REP 1 COM CL A,XNGS
POOL,POOL CORPORATION,XNGS
POWI,POWER INTEGRATIONS INC,XNGS
POWL,POWELL INDUSTRIES INC,XNGS
PPC,PILGRIMS PRIDE CORP,XNGS
PRAA,PRA GROUP INC,XNGS
PRAX,PRAXIS PRECISION MEDICINES INC,XNGS
PRDO,PERDOCEO EDUCATION CORPORATION,XNGS
PRGS,PROGRESS SOFTWARE CORP,XNGS
PRLD,PRELUDE THERAPEUTICS INC,XNGS
PROV,PROVIDENT FINANCIAL HOLDINGS,XNGS
PRPL,PURPLE INNOVATION INC,XNGS
PRTA,PROTHENA CORP PLC,XNGS
PRTS,CARPARTS COM INC,XNGS
PRVA,PRIVIA HEALTH GROUP INC,XNGS
PSEC,PROSPECT CAPITAL CORPORATION,XNGS
PSKY,PARAMOUNT SKYDANCE CORP,XNGS
PSMT,PRICESMART INC,XNGS
PTC,PTC INC,XNGS
PTCT,PTC THERAPEUTICS INC,XNGS
PTEN,PATTERSON UTI ENERGY INC,XNGS
PTLO,PORTILLOS INC,XNGS
PTON,PELOTON INTERACTIVE INC,XNGS
PTRN,PATTERN GROUP INC,XNGS
PWP,PERELLA WEINBERG PARTNERS,XNGS
PYPL,PAYPAL HOLDINGS INC,XNGS
PYXS,PYXIS ONCOLOGY INC,XNGS
PZZA,PAPA JOHNS INTERNATIONAL INC,XNGS
QCOM,QUALCOMM INC,XNGS
QDEL,QUIDELORTHO CORPORATION,XNGS
QFIN,QFIN HOLDINGS INC SPON ADS EACH REP 2 ORD SHS CL A,XNGS
QLYS,QUALYS INC,XNGS
QNCX,QUINCE THERAPEUTICS INC,XNGS
QNST,QUINSTREET INC,XNGS
QQQX,NUVEEN NASDAQ 100 DYNAMIC OVWT FD,XNGS
QRVO,QORVO INC,XNGS
QURE,UNIQURE N.V.,XNGS
RAIL,FREIGHTCAR AMERICA INC,XNGS
RARE,ULTRAGENYX PHARMACEUTICAL INC,XNGS
RBB,RBB BANCORP,XNGS
RBBN,RIBBON COMMUNICATIONS INC,XNGS
RBCAA,REPUBLIC BANCORP INC,XNGS
RCKY,ROCKY BRANDS INC,XNGS
RDWR,RADWARE LTD,XNGS
REAL,THE REALREAL INC,XNGS
REG,REGENCY CENTERS CORP,XNGS
REGCO,REGENCY CENTERS CORP 5.875% CUM RED SER B PFD SHS,XNGS
REGCP,REGENCY CENTERS CORP 6.25% CUM RED SER A PFD SHS,XNGS
REGN,REGENERON PHARMACEUTICALS INC,XNGS
RELL,RICHARDSON ELECTRONICS,XNGS
RELY,REMITLY GLOBAL INC,XNGS
REPL,REPLIMUNE GROUP INC,XNGS
REYN,REYNOLDS CONSUMER PRODUCTS INC,XNGS
RGEN,REPLIGEN CORP,XNGS
RGLD,ROYAL GOLD INC,XNGS
RGNX,REGENXBIO INC,XNGS
RGP,RESOURCES CONNECTION INC,XNGS
RIGL,RIGEL PHARMACEUTICALS INC,XNGS
RIVN,RIVIAN AUTOMOTIVE INC,XNGS
RMBS,RAMBUS INC,XNGS
RNW,RENEW ENERGY GLOBAL PLC,XNGS
ROAD,CONSTRUCTION PARTNERS INC,XNGS
ROCK,GIBRALTAR INDUSTRIES INC,XNGS
ROIV,ROIVANT SCIENCES LTD,XNGS
ROKU,ROKU INC,XNGS
ROOT,ROOT INC,XNGS
ROP,ROPER TECHNOLOGIES INC,XNGS
ROST,ROSS STORES INC,XNGS
RPRX,ROYALTY PHARMA PLC,XNGS
RPTX,REPARE THERAPEUTICS INC,XNGS
RRBI,RED RIVER BANCSHARES INC,XNGS
RRGB,RED ROBIN GOURMET BURGERS INC,XNGS
RRR,RED ROCK RESORTS INC,XNGS
RUN,SUNRUN INC,XNGS
RUSHA,RUSH ENTERPRISES,XNGS
RUSHB,RUSH ENTERPRISES,XNGS
RVMD,REVOLUTION MEDICINES INC,XNGS
RVSB,RIVERVIEW BANCORP INC,XNGS
RWAY,RUNWAY GROWTH FINANCE CORP,XNGS
RWAYL,RUNWAY GROWTH FINANCE CORP 7.50%  NOTES DUE 28/07/2027,XNGS
RWAYZ,RUNWAY GROWTH FINANCE CORP 8.00% NOTES DUE 31/12/2027,XNGS
RXRX,RECURSION PHARMACEUTICALS INC,XNGS
RXT,RACKSPACE TECHNOLOGY INC,XNGS
RYAAY,RYANAIR HOLDINGS PLC SPON ADS EACH REP 2 ORD SHS,XNGS
SABR,SABRE CORP,XNGS
SAFT,SAFETY INSURANCE GROUP INC,XNGS
SAIA,SAIA INC,XNGS
SAIC,SCIENCE APPLICATION INTL CORP,XNGS
SAIL,SAILPOINT INC,XNGS
SANA,SANA BIOTECHNOLOGY INC,XNGS
SANG,SANGOMA TECHNOLOGIES CORPORATION,XNGS
SANM,SANMINA CORP,XNGS
SATS,ECHOSTAR CORPORATION,XNGS
SBAC,SBA COMMUNICATIONS CORP,XNGS
SBCF,SEACOAST BANKING OF FLORIDA,XNGS
SBGI,SINCLAIR INC,XNGS
SBLK,STAR BULK CARRIERS CORP,XNGS
SBRA,SABRA HEALTH CARE REIT INC,XNGS
SBUX,STARBUCKS CORP,XNGS
SCHL,SCHOLASTIC CORP,XNGS
SCOR,COMSCORE INC,XNGS
SCSC,SCANSOURCE INC,XNGS
SCVL,SHOE CARNIVAL INC,XNGS
SDGR,SCHRODINGER INC,XNGS
SEAT,VIVID SEATS INC,XNGS
SEDG,SOLAREDGE TECHNOLOGIES INC,XNGS
SEER,SEER INC,XNGS
SEIC,SEI INVESTMENT CO,XNGS
SENEA,SENECA FOODS,XNGS
SENEB,SENECA FOODS,XNGS
SFD,SMITHFIELD FOODS INC,XNGS
SFIX,STITCH FIX INC,XNGS
SFM,SPROUTS FARMERS MARKETS INC,XNGS
SFNC,SIMMONS FIRST NATIONAL CORP,XNGS
SGHT,SIGHT SCIENCES INC,XNGS
SGRY,SURGERY PARTNERS INC,XNGS
SHBI,SHORE BANCSHARES INC,XNGS
SHC,SOTERA HEALTH CO,XNGS
SHEN,SHENANDOAH TELECOMUNICATIONS,XNGS
SHOO,MADDEN(STEVEN),XNGS
SHOP,SHOPIFY INC,XNGS
SIGI,SELECTIVE INSURANCE GROUP,XNGS
SIGIP,SELECTIVE INSURANCE GROUP DEP SHS 1/1000 INT SHS NON CUM PFD SER B,XNGS
SILC,SILICOM,XNGS
SIMO,SILICON MOTION TECHNOLOGY CORP SPONS ADR EACH REP 4 COM USD0.01,XNGS
SIRI,SIRIUSXM HOLDINGS INC,XNGS
SKWD,SKYWARD SPECIALTY INS GROUP INC,XNGS
SKYW,SKYWEST INC,XNGS
SLAB,SILICON LABORATORIES,XNGS
SLDB,SOLID BIOSCIENCES INC,XNGS
SLDE,SLIDE INSURANCE HOLDINGS INC.,XNGS
SLDP,SOLID POWER INC,XNGS
SLM,SLM CORP,XNGS
SLMBP,SLM CORP PRF SERIES 'B' USD100,XNGS
SLP,SIMULATIONS PLUS INC,XNGS
SLRC,SLR INVESTMENT CORP,XNGS
SMCI,SUPER MICRO COMPUTER INC,XNGS
SMTC,SEMTECH CORP,XNGS
SNBR,SLEEP NUMBER CORPORATION,XNGS
SNCY,SUN COUNTRY AIRLINES HOLDINGS INC,XNGS
SND,SMART SAND INC,XNGS
SNDK,SANDISK CORP,XNGS
SNDX,SYNDAX PHARMACEUTICALS INC,XNGS
SNEX,STONEX GROUP INC,XNGS
SNPS,SYNOPSYS INC,XNGS
SNY,SANOFI SPON ADR ECH REP 0.5 ORD SHS,XNGS
SOFI,SOFI TECHNOLOGIES INC,XNGS
SOHU,SOHU COM LTD SPONSORED ADR,XNGS
SOLS,SOLSTICE ADVANCED MATERIALS INC,XNGS
SOND,SONDER HOLDINGS INC,XNGS
SONO,SONOS INC,XNGS
SOPH,SOPHIA GENETICS SA,XNGS
SPFI,SOUTH PLAINS FINANCIAL INC,XNGS
SPNS,SAPIENS INTERNATIONAL CORP NV,XNGS
SPOK,SPOK HLDGS INC,XNGS
SPRO,SPERO THERAPEUTICS INC,XNGS
SPSC,SPS COMMERCE INC,XNGS
SPWH,SPORTSMANS WAREHOUSE HLDGS INC,XNGS
SRAD,SPORTRADAR GROUP AG,XNGS
SRCE,FIRST SOURCE CORP,XNGS
SRDX,SURMODICS INC,XNGS
SRPT,SAREPTA THERAPEUTICS INC,XNGS
SRRK,SCHOLAR ROCK HOLDING CORPORATION,XNGS
SSNC,SS&C TECHNOLOGIES HOLDINGS INC,XNGS
SSP,EW SCRIPPS CO,XNGS
SSRM,SSR MINING INC,XNGS
SSSS,SURO CAPITAL CORP,XNGS
SSYS,STRATASYS LTD,XNGS
STBA,S & T BANCORP INC,XNGS
STEP,STEPSTONE GROUP INC,XNGS
STGW,STAGWELL INC,XNGS
STKE,SOL STRATEGIES INC,XNGS
STKL,SUNOPTA INC,XNGS
STLD,STEEL DYNAMICS INC,XNGS
STNE,STONECO LTD,XNGS
STOK,STOKE THERAPEUTICS INC,XNGS
STRA,STRATEGIC EDUCATION INC,XNGS
STRC,STRATEGY INC 9.0% SERIES A PERPETUAL STRETCH PREF STK,XNGS
STRD,STRATEGY INC 10% NON CUM PREF SER A PERP STRIDE WI,XNGS
STRF,STRATEGY INC 10.00% SER A PERPETUAL STRIFE PFD STK,XNGS
STRK,STRATEGY INC 8.00% SERIES A PERPETUAL STRIKE PFD,XNGS
STRL,STERLING INFRASTRUCTURE INC,XNGS
STRR,STAR EQUITY HOLDINGS INC.,XNGS
STRRP,STAR EQUITY HOLDINGS INC. PFD PERPETUAL SER A 10.0%,XNGS
STRS,STRATUS PROPERTIES INC,XNGS
STRZ,STARZ ENTERTAINMENT CORP,XNGS
STTK,SHATTUCK LABS INC,XNGS
STX,SEAGATE TECHNOLOGY HOLDINGS PLC,XNGS
SVA,SINOVAC BIOTECH LTD,XNGS
SVC,SERVICE PROPERTIES TRUST,XNGS
SVCO,SILVACO GROUP INC,XNGS
SVRA,SAVARA INC,XNGS
SWBI,SMITH AND WESSON BRANDS INC,XNGS
SWIM,LATHAM GROUP INC,XNGS
SWKS,SKYWORKS SOLUTIONS INC,XNGS
SYBT,STOCK YARDS BANCORP INC,XNGS
SYNA,SYNAPTICS INC,XNGS
SYRE,SPYRE THERAPEUTICS INC,XNGS
TARS,TARSUS PHARMACEUTICALS INC,XNGS
TASK,TASKUS INC,XNGS
TBBK,BANCORP INC DEL,XNGS
TBHC,BRAND HOUSE COLLECTIVE INC,XNGS
TBLA,TABOOLA COM LTD,XNGS
TBLD,THORNBURG INCOME BLDR OPPORT TR,XNGS
TBRG,TRUBRIDGE INC,XNGS
TCBI,TEXAS CAPITAL BANCSHARES INC,XNGS
TCBIO,TEXAS CAPITAL BANCSHARES INC DEP SHS REP 1/40TH FXD RT NCUM PFD SER B,XNGS
TCBK,TRICO BANCSHARES,XNGS
TCOM,TRIP COM GROUP LTD SPON ADS EACH REP 1 ORD SHS,XNGS
TCPC,BLACKROCK TCP CAPITAL CORP,XNGS
TDUP,THREDUP INC,XNGS
TEAD,TEADS HLDG CO,XNGS
TEAM,ATLASSIAN CORP,XNGS
TECH,BIO-TECHNE CORP,XNGS
TEM,TEMPUS AI INC,XNGS
TENB,TENABLE HOLDINGS INC,XNGS
TER,TERADYNE INC,XNGS
TERN,TERNS PHARMACEUTICALS INC,XNGS
TFSL,TFS FINANCIAL CORPORATION,XNGS
THFF,FIRST FINANCIAL CORPORATION,XNGS
THRM,GENTHERM INC,XNGS
TIGO,MILLICOM INTERNATIONAL CELLULAR,XNGS
TIGR,UP FINTECH HOLDING LIMITED SPON ADS EACH REP 15 ORD SHS CL A,XNGS
TILE,INTERFACE INC,XNGS
TITN,TITAN MACHINERY INC,XNGS
TLN,TALEN ENERGY CORPORATION,XNGS
TLRY,TILRAY BRANDS INC,XNGS
TLX,TELIX PHARMACEUTIC SPON ADS EACH REP 1 ORD SHS,XNGS
TMC,TMC THE METALS CO INC,XNGS
TMCI,TREACE MED CONCEPTS INC,XNGS
TMUS,T-MOBILE US INC,XNGS
TNYA,TENAYA THERAPEUTICS INC,XNGS
TOWN,TOWNEBANK(PORTSMOUTH VIRGINIA),XNGS
TPG,TPG INC,XNGS
TREE,LENDINGTREE INC,XNGS
TRI,THOMSON-REUTERS CORP,XNGS
TRIB,TRINITY BIOTECH PLC SPON ADR EACH REP 20 ORD (POST SPLIT),XNGS
TRIN,TRINITY CAPITAL INC,XNGS
TRINI,TRINITY CAPITAL INC 7.875% NTS 30/09/2029,XNGS
TRINZ,TRINITY CAPITAL INC 7.875% NOTES DUE 2029,XNGS
TRIP,TRIPADVISOR INC,XNGS
TRMB,TRIMBLE INC,XNGS
TRMD,TORM PLC,XNGS
TRMK,TRUSTMARK CORP,XNGS
TROW,PRICE T ROWE GROUPS,XNGS
TRS,TRIMAS CORP,XNGS
TRST,TRUSTCO BANK CORP NY,XNGS
TRUE,TRUECAR INC,XNGS
TRVG,TRIVAGO N V SPON ADS EACH REPR 5 ORD CL A (POST SPT),XNGS
TSAT,TELESAT CORP,XNGS
TSCO,TRACTOR SUPPLY CO,XNGS
TSEM,TOWER SEMICONDUCTOR LTD,XNGS
TSHA,TAYSHA GENE THERAPIES INC,XNGS
TSLA,TESLA INC,XNGS
TTAN,SERVICETITAN INC,XNGS
TTEC,TTEC HOLDINGS INC,XNGS
TTEK,TETRA TECH INC,XNGS
TTGT,TECHTARGET INC,XNGS
TTMI,TTM TECHNOLOGIES INC,XNGS
TTWO,TAKE TWO INTERACTIVE SOFTWARE INC,XNGS
TUSK,MAMMOTH ENERGY SERVICES INC,XNGS
TW,TRADEWEB MARKETS INC,XNGS
TWFG,TWFG INC,XNGS
TWIN,TWIN DISC INC,XNGS
TWST,TWIST BIOSCIENCE CORPORATION,XNGS
TXG,10X GENOMICS INC,XNGS
TXMD,THERAPEUTICSMD INC,XNGS
TXN,TEXAS INSTRUMENTS INC,XNGS
TXRH,TEXAS ROADHOUSE INC,XNGS
TYRA,TYRA BIOSCIENCES INC,XNGS
TZOO,TRAVELZOO,XNGS
UAL,UNITED AIRLINES HOLDINGS INC,XNGS
UBFO,UNITED SECURITY BANCSHARES(CAL),XNGS
UBSI,UNITED BANKSHARES INC,XNGS
UCTT,ULTRA CLEAN HLDGS INC,XNGS
UDMY,UDEMY INC,XNGS
UEIC,UNIVERSAL ELECTRONICS INC,XNGS
UFCS,UNITED FIRE GROUP INC,XNGS
UFPI,UFP INDUSTRIES INC,XNGS
ULCC,FRONTIER GROUP HLDGS INC,XNGS
ULH,UNIVERSAL LOGISTICS HOLDINGS INC,XNGS
ULTA,ULTA BEAUTY INC,XNGS
UMBF,UMB FINANCIAL CORP,XNGS
UMBFO,UMB FINANCIAL CORP DEP SHS REPSTG 1/400TH PERP PFD SER B WI,XNGS
UNIT,UNITI GROUP INC,XNGS
UPB,UPSTREAM BIO INC,XNGS
UPBD,UPBOUND GRP INC,XNGS
UPST,UPSTART HLDGS INC,XNGS
UPWK,UPWORK INC,XNGS
URBN,URBAN OUTFITTERS INC,XNGS
USLM,UNITED STATES LIME & MINERALS INC,XNGS
UTHR,UNITED THERAPEUTICS CORP,XNGS
UTMD,UTAH MEDICAL PRODUCTS,XNGS
UTSI,UTSTARCOM HOLDINGS,XNGS
UVSP,UNIVEST FINANCIAL CORPORATION,XNGS
UXIN,UXIN LIMITED SPON ADS EACH REP 300 ORD(POST SPLIT),XNGS
VALN,VALNEVA SE SPON ADS EACH REPR 2 ORD SHS,XNGS
VBNK,VERSABANK NEW,XNGS
VC,VISTEON CORPORATION,XNGS
VCTR,VICTORY CAPITAL HOLDINGS INC,XNGS
VECO,VEECO INSTRUMENTS INC,XNGS
VFS,VINFAST AUTO LTD,XNGS
VIASP,VIA RENEWABLES INC 8.75% FIXED FLTG CUM RED PFD SER A,XNGS
VIAV,VIAVI SOLUTIONS INC,XNGS
VICR,VICOR CORP,XNGS
VINP,VINCI COMPASS INVESTMENTS LTD,XNGS
VIOT,VIOMI TECHNOLOGY CO LTD SPON ADS EACH REPR 3 ORD SHS,XNGS
VIR,VIR BIOTECHNOLOGY INC,XNGS
VLGEA,VILLAGE SUPER MARKET INC,XNGS
VLY,VALLEY NATIONAL BANCORP,XNGS
VLYPN,VALLEY NATIONAL BANCORP FIXED RATE RESET PERP PFD SER C,XNGS
VLYPO,VALLEY NATIONAL BANCORP 5.50% NON CUM PERP PREF SER B USD25,XNGS
VLYPP,VALLEY NATIONAL BANCORP 6.25% NON CUM PERP PREF SER A USD25.00,XNGS
VMEO,VIMEO INC,XNGS
VNET,VNET GROUP INC SPON ADS EACH REPR 6 ORD SHS A,XNGS
VNOM,VIPER ENERGY INC,XNGS
VOD,VODAFONE GROUP SPON ADR EACH REP 10 ORD,XNGS
VOR,VOR BIOPHARMA INC,XNGS
VRA,VERA BRADLEY INC,XNGS
VREX,VAREX IMAGING CORPORATION,XNGS
VRNS,VARONIS SYSTEMS INC,XNGS
VRNT,VERINT SYSTEMS INC,XNGS
VRSK,VERISK ANALYTICS INC,XNGS
VRSN,VERISIGN,XNGS
VRTX,VERTEX PHARMACEUTICAL,XNGS
VSAT,VIASAT INC,XNGS
VSEC,VSE CORP,XNGS
VSTA,VASTA PLATFORM LTD,XNGS
VTRS,VIATRIS INC,XNGS
VTYX,VENTYX BIOSCIENCES INC,XNGS
VYGR,VOYAGER THERAPEUTICS INC,XNGS
WABC,WESTAMERICA BANCORP,XNGS
WAFD,WAFD INC,XNGS
WAFDP,WAFD INC DEP SHS REP 1/40TH PERP PFD SER A USD25.,XNGS
WASH,WASHINGTON TRUST BANCORP INC,XNGS
WAY,WAYSTAR HLDG CORP,XNGS
WB,WEIBO CORPORATION ADR EA REPR 1 ORD SHS,XNGS
WBD,WARNER BROS DISCOVERY INC,XNGS
WBTN,WEBTOON ENTERTAINMENT INC,XNGS
WDAY,WORKDAY INC,XNGS
WDC,WESTERN DIGITAL CORP,XNGS
WDFC,WD-40 CO,XNGS
WEN,WENDYS COMPANY (THE),XNGS
WERN,WERNER ENTERPRISES INC,XNGS
WEYS,WEYCO GROUP,XNGS
WFRD,WEATHERFORD INTL PLC,XNGS
WGS,GENEDX HOLDINGS CORP,XNGS
WHF,WHITEHORSE FINANCE INC,XNGS
WHFCL,WHITEHORSE FINANCE INC 7.875% NOTES 15/09/2028 USD 25,XNGS
WING,WINGSTOP INC,XNGS
WIX,WIX.COM LTD,XNGS
WMG,WARNER MUSIC GROUP CORP,XNGS
WNEB,WESTERN NEW ENG BANCORP INC,XNGS
WOOF,PETCO HEALTH & WELLNESS CO INC,XNGS
WPRT,WESTPORT FUEL SYSTEMS INC,XNGS
WRLD,WORLD ACCEPTANCE CORP,XNGS
WSBC,WESBANCO INC,XNGS
WSBCO,WESBANCO INC 7.375 NON-CUM DEP SR B,XNGS
WSBCP,WESBANCO INC 6.75% DEP SH RP 1/40 NON CU PER PFD SR A,XNGS
WSBF,WATERSTONE FINANCIAL INC MD,XNGS
WSFS,WSFS FINANCIAL CORP,XNGS
WTBA,WEST BANCORPORATION INC,XNGS
WTFC,WINTRUST FINANCIAL CORP,XNGS
WTFCN,WINTRUST FINANCIAL CORP DEP SHS REPSTG 1/1000TH PERP PFD SER F,XNGS
WTW,WILLIS TOWERS WATSON PLC,XNGS
WWD,WOODWARD INC,XNGS
WYNN,WYNN RESORTS LTD,XNGS
XBIT,XBIOTECH INC,XNGS
XEL,XCEL ENERGY INC,XNGS
XERS,XERIS BIOPHARMA HLDGS INC,XNGS
XMTR,XOMETRY INC,XNGS
XNET,XUNLEI LIMITED SPONS ADS EA REP 5 COM 'CL A',XNGS
XP,XP INC,XNGS
XRAY,DENTSPLY SIRONA INC,XNGS
XRX,XEROX HOLDINGS CORPORATION,XNGS
YORW,YORK WATER CO,XNGS
YQ,17 EDUCATION & TECHNOLOGY GROUP INC SPON ADS EACH REP 50 ORD SHS(POST SPLIT),XNGS
Z,ZILLOW GROUP INC,XNGS
ZBIO,ZENAS BIOPHARMA INC,XNGS
ZBRA,ZEBRA TECHNOLOGIES,XNGS
ZD,ZIFF DAVIS INC,XNGS
ZEUS,OLYMPIC STEEL INC,XNGS
ZG,ZILLOW GROUP INC,XNGS
ZION,ZIONS BANCORPORATION N A.,XNGS
ZM,ZOOM COMMUNICATIONS INC,XNGS
ZS,ZSCALER INC,XNGS
ZUMZ,ZUMIEZ INC,XNGS
ZVRA,ZEVRA THERAPEUTICS INC,XNGS
ZYME,ZYMEWORKS INC (US),XNGS
ZYXI,ZYNEX INC,XNGS
